url,label
# ===================== Rede Social =====================,
facebook.com,Rede Social
instagram.com,Rede Social
twitter.com,Rede Social
x.com,Rede Social
tiktok.com,Rede Social
whatsapp.com,Rede Social
web.whatsapp.com,Rede Social
reddit.com,Rede Social
snapchat.com,Rede Social
discord.com,Rede Social
pinterest.com,Rede Social
br.pinterest.com,Rede Social
linkedin.com,Rede Social
tumblr.com,Rede Social
weheartit.com,Rede Social
bere.al,Rede Social
vk.com,Rede Social
flickr.com,Rede Social
clubhouse.com,Rede Social
quora.com,Rede Social
pt.quora.com,Rede Social
medium.com,Rede Social
mastodon.social,Rede Social
mix.com,Rede Social
myspace.com,Rede Social
parler.com,Rede Social
truthsocial.com,Rede Social
gab.com,Rede Social
ok.ru,Rede Social
telegram.org,Rede Social
t.me,Rede Social
threads.net,Rede Social
nextdoor.com,Rede Social
badoo.com,Rede Social
tinder.com,Rede Social
meetup.com,Rede Social
tagged.com,Rede Social
devianart.com,Rede Social
ello.co,Rede Social
aminoapps.com,Rede Social
kwai.com,Rede Social
messenger.com,Rede Social
# ===================== IA (Inteligência Artificial) =====================,
chat.openai.com,IA
anthropic.com,IA
midjourney.com,IA
perplexity.ai,IA
claude.ai,IA
gemini.google.com,IA
poe.com,IA
bard.google.com,IA
pytorch.org,IA
keras.io,IA
deepmind.google,IA
openai.com,IA
firefly.adobe.com,IA
huggingface.co,IA
cohere.ai,IA
stability.ai,IA
replicate.com,IA
runwayml.com,IA
character.ai,IA
notion.so,IA
jasper.ai,IA
copy.ai,IA
writesonic.com,IA
tabnine.com,IA
mistral.ai,IA
leonardo.ai,IA
synthesia.io,IA
elevenlabs.io,IA
descript.com,IA
gamma.app,IA
tome.app,IA
semantria.com,IA
chat.deepseek.com,IA
chatgpt.com,IA
blackbox.ai,IA
# ===================== Streaming ===================== ,
sbt.com.br,Streaming
recordtv.r7.com,Streaming
band.uol.com.br,Streaming
cultura.uol.com.br,Streaming
globoplay.globo.com,Streaming
hbo.com,Streaming
hbomax.com,Streaming
fox.com,Streaming
espn.com,Streaming
discoverychannel.com,Streaming
bbc.com,Streaming
nbc.com,Streaming
cbs.com,Streaming
abc.com,Streaming
sky.com,Streaming
hulu.com,Streaming
paramountplus.com,Streaming
disneyplus.com,Streaming
peacocktv.com,Streaming
pluto.tv,Streaming
starz.com,Streaming
showtime.com,Streaming
amc.com,Streaming
tntdrama.com,Streaming
appletv.com,Streaming
twitch.tv,Streaming
youtube.com,Streaming
netflix.com,Streaming
primevideo.com,Streaming
max.com,Streaming
discoveryplus.com,Streaming
kick.com,Streaming
skymais.com.br,Streaming
tubitv.com,Streaming
france.tv,Streaming
filmelier.com,Streaming
filmon.com,Streaming
ustvgo.live,Streaming
ustvgo.tv,Streaming
worldstar.hiphop,Streaming
raiplay.it,Streaming
aovivo.radiomixfm.com.br,Streaming
# ===================== Jogos ===================== ,
friv.com,Jogos
poki.com,Jogos
clickjogos.uol.com.br,Jogos
miniclip.com,Jogos
crazygames.com,Jogos
roblox.com,Jogos
minecraft.net,Jogos
fortnite.com,Jogos
store.epicgames.com,Jogos
playstation.com,Jogos
store.playstation.com,Jogos
itch.io,Jogos
xbox.com,Jogos
enigmap.net,Jogos
ascjogos.org.br,Jogos
nintendo.com,Jogos
rachacuca.com.br,Jogos
my.games,Jogos
riotgames.com,Jogos
ea.com,Jogos
easports.com,Jogos
# ===================== Musica ===================== ,
spotify.com,Musica
deezer.com,Musica
music.apple.com,Musica
music.youtube.com,Musica
letras.mus.br,Musica
soundcloud.com,Musica
last.fm,Musica
tidal.com,Musica
radio.com,Musica
pandora.com,Musica
napster.com,Musica
shazam.com,Musica
genius.com,Musica
musixmatch.com,Musica
audiomack.com,Musica
boomplay.com,Musica
gaana.com,Musica
joox.com,Musica
wynk.in,Musica
kkbox.com,Musica
line.me/music,Musica
idagio.com,Musica
songkick.com,Musica
bandsintown.com,Musica
mixcloud.com,Musica
cifraclub.com.br,Musica
bandcamp.com,Musica
reverbnation.com,Musica
8tracks.com,Musica
jamendo.com,Musica
# ===================== Anime ===================== ,
mangaplus.shueisha.co.jp,Anime
crunchyroll.com,Anime
funimation.com,Anime
viz.com,Anime
webtoons.com,Anime
comixology.com,Anime
anime-planet.com,Anime
myanimelist.net,Anime
anilist.co,Anime
kitsu.io,Anime
animenewsnetwork.com,Anime
mangamo.com,Anime
bookwalker.jp,Anime
rightstufanime.com,Anime
sevenseasentertainment.com,Anime
yenpress.com,Anime
kodansha.us,Anime
shonenjump.com,Anime
square-enix-games.com/en_US/manga,Anime
animate-Digitalshop.jp,Anime
vertical-comics.com,Anime
tapas.io,Anime
lezhin.com,Anime
toomics.com,Anime
netcomics.com,Anime
azuki.co,Anime
global.manga-up.com,Anime
animefire.plus,Anime
animesDigital.cc,Anime
mangalivre.net,Anime
lermanga.org,Anime
mangatoon.mobi,Anime
goyabu.com,Anime
betteranime.net,Anime
animesvision.com.br,Anime
animesfox.net,Anime
unionmangas.top,Anime
superanimes.biz,Anime
animesroll.com,Anime
onepiece-ex.com.br,Anime
meusanimes.com,Anime
animesone.biz,Anime
mundoanimes.com,Anime
animestc.net,Anime
yakusoku.net,Anime
mangasproject.net,Anime
animesgratis.org,Anime
otakuanime.com,Anime
animelatinohd.com,Anime
animeblix.com,Anime
9anime.to,Anime
gogoanime.pe,Anime
# ===================== Governo =====================,
gov.br,Governo
receita.fazenda.gov.br,Governo
sp.gov.br,Governo
detran.sp.gov.br,Governo
senado.leg.br,Governo
camara.leg.br,Governo
planalto.gov.br,Governo
stf.jus.br,Governo
justica.gov.br,Governo
al.gov.br,Governo
mg.gov.br,Governo
rj.gov.br,Governo
pr.gov.br,Governo
ba.gov.br,Governo
rs.gov.br,Governo
pe.gov.br,Governo
sc.gov.br,Governo
se.gov.br,Governo
to.gov.br,Governo
es.gov.br,Governo
pa.gov.br,Governo
rn.gov.br,Governo
ro.gov.br,Governo
ac.gov.br,Governo
am.gov.br,Governo
camara.sp.gov.br,Governo
alesp.sp.gov.br,Governo
tjsp.jus.br,Governo
fazenda.sp.gov.br,Governo
educacao.sp.gov.br,Governo
saude.gov.br,Governo
trabalho.gov.br,Governo
economia.gov.br,Governo
servicos.gov.br,Governo
cidadania.gov.br,Governo
defesa.gov.br,Governo
enem.inep.gov.br,Governo
vitrinetecnologica.mec.gov.br,Governo
dados.gov.br,Governo
portaldatransparencia.gov.br,Governo
ibge.gov.br,Governo
servicos.acesso.gov.br,Governo
sso.acesso.gov.br,Governo
servicos.sp.gov.br,Governo
# ===================== Produtividade & Ferramentas =====================,
google.com,Produtividade & Ferramentas
github.com,Produtividade & Ferramentas
portaleduca.sesisp.org.br,Produtividade & Ferramentas
pess.sesisenaispedu.org.br,Produtividade & Ferramentas
sp.senai.br,Produtividade & Ferramentas
sesisp.org.br,Produtividade & Ferramentas
sites.google.com,Produtividade & Ferramentas
colab.research.google.com,Produtividade & Ferramentas
trello.com,Produtividade & Ferramentas
slack.com,Produtividade & Ferramentas
zoom.us,Produtividade & Ferramentas
microsoft.com,Produtividade & Ferramentas
office.com,Produtividade & Ferramentas
teams.microsoft.com,Produtividade & Ferramentas
outlook.live.com,Produtividade & Ferramentas
tensorflow.org,Produtividade & Ferramentas
onedrive.live.com,Produtividade & Ferramentas
dropbox.com,Produtividade & Ferramentas
www.mongodb.com,Produtividade & Ferramentas
nlp.stanford.edu,Produtividade & Ferramentas
drive.google.com,Produtividade & Ferramentas
calendar.google.com,Produtividade & Ferramentas
evernote.com,Produtividade & Ferramentas
asana.com,Produtividade & Ferramentas
todoist.com,Produtividade & Ferramentas
basecamp.com,Produtividade & Ferramentas
console.firebase.google.com,Produtividade & Ferramentas
monday.com,Produtividade & Ferramentas
clickup.com,Produtividade & Ferramentas
gmail.com,Produtividade & Ferramentas
figma.com,Produtividade & Ferramentas
canva.com,Produtividade & Ferramentas
adobe.com,Produtividade & Ferramentas
stackoverflow.com,Produtividade & Ferramentas
w3schools.com,Produtividade & Ferramentas
geeksforgeeks.org,Produtividade & Ferramentas
freecodecamp.org,Produtividade & Ferramentas
codepen.io,Produtividade & Ferramentas
jsfiddle.net,Produtividade & Ferramentas
replit.com,Produtividade & Ferramentas
zapier.com,Produtividade & Ferramentas
ifttt.com,Produtividade & Ferramentas
miro.com,Produtividade & Ferramentas
mural.co,Produtividade & Ferramentas
overleaf.com,Produtividade & Ferramentas
grammarly.com,Produtividade & Ferramentas
calendly.com,Produtividade & Ferramentas
wetransfer.com,Produtividade & Ferramentas
smallpdf.com,Produtividade & Ferramentas
prezi.com,Produtividade & Ferramentas
localhost,Produtividade & Ferramentas
npr.org,Produtividade & Ferramentas
time.com,Produtividade & Ferramentas
pt.wikipedia.org,Produtividade & Ferramentas
sesisenaispedu-my.sharepoint.com,Produtividade & Ferramentas
accounts.firefox.com,Produtividade & Ferramentas
monkeytype.com,Produtividade & Ferramentas
expressjs.com,Produtividade & Ferramentas
python.org,Produtividade & Ferramentas
aws.amazon.com,Produtividade & Ferramentas
alura.com.br,Produtividade & Ferramentas
npmjs.com,Produtividade & Ferramentas
scikit-learn.org,Produtividade & Ferramentas
pandas.pydata.org,Produtividade & Ferramentas
notion.com,Produtividade & Ferramentas
workspace.google.com,Produtividade & Ferramentas
rescuetime.com,Produtividade & Ferramentas
pomodorotimer.online,Produtividade & Ferramentas
# ===================== NoticiaISMO =====================,
g1.globo.com,Noticia
uol.com.br,Noticia
terra.com.br,Noticia
estadao.com.br,Noticia
folha.uol.com.br,Noticia
cnn.com/news,Noticia
edition.cnn.com,Noticia
cnnbrasil.com.br,Noticia
nytimes.com,Noticia
washingtonpost.com,Noticia
theguardian.com,Noticia
reuters.com,Noticia
dw.com,Noticia
rtve.es,Noticia
elpais.com,Noticia
lemonde.fr,Noticia
aljazeera.com,Noticia
r7.com,Noticia
msn.com,Noticia
news.yahoo.com,Noticia
forbes.com,Noticia
bloomberg.com,Noticia
wsj.com,Noticia
huffpost.com,Noticia
vox.com,Noticia
buzzfeednews.com,Noticia
apnews.com,Noticia
theverge.com,Noticia
wired.com,Noticia
techcrunch.com,Noticia
axios.com,Noticia
politico.com,Noticia
dailymotion.com,Noticia
nsctotal.com.br,Noticia
gamevicio.com,Noticia
gameplayscassi.com.br,Noticia
tecmundo.com.br,Noticia
canaltech.com.br,Noticia
olhardigital.com.br,Noticia
techtudo.com.br,Noticia
cio.com,Noticia
thenextweb.com,Noticia
gizbr.uol.com.br,Noticia
itforum.com.br,Noticia
infowester.com,Noticia
tecnoblog.net,Noticia
fifa.com,Noticia
# ===================== LOJA Digital ===================== ,
pt.aliexpress.com,Loja Digital
aliexpress.com,Loja Digital
shopee.com.br,Loja Digital
shopee.com,Loja Digital
br.shein.com,Loja Digital
shein.com,Loja Digital
mercadolivre.com.br,Loja Digital
mercadolivre.com,Loja Digital
magazineluiza.com.br,Loja Digital
amazon.com.br,Loja Digital
amazon.com,Loja Digital
americanas.com.br,Loja Digital
cloude.com.br,Loja Digital
marcusnmarcus.com.br,Loja Digital
marcusnmarcus.com,Loja Digital
riachuelo.com.br,Loja Digital
zattini.com.br,Loja Digital
br.privalia.com,Loja Digital
lojaspompeia.com,Loja Digital
hering.com.br,Loja Digital
myft.com.br,Loja Digital
zema.com,Loja Digital
pernambucanas.com.br,Loja Digital
lojastorra.com.br,Loja Digital
lojasrenner.com.br,Loja Digital
purocharmestore.com.br,Loja Digital
toryburch.com.br,Loja Digital
rihappy.com.br,Loja Digital
toyshow.com.br,Loja Digital
toymania.com.br,Loja Digital
shop.mattel.com,Loja Digital
estantevirtual.com.br,Loja Digital
leitura.com.br,Loja Digital
loja.universodoslivros.com.br,Loja Digital
livrariadavila.com.br,Loja Digital
terabyteshop.com.br,Loja Digital
pichau.com.br,Loja Digital
gigantec.com.br,Loja Digital
gitechinformatica.com,Loja Digital
patoloco.com.br,Loja Digital
gkinfostore.com.br,Loja Digital
shopinfo.com.br,Loja Digital
prudenpecas.com.br,Loja Digital
prudenparts.com.br,Loja Digital
store.steampowered.com,Loja Digital
52.223.211.3,Produtividade & Ferramentas
181.110.78.142:8478,Produtividade & Ferramentas
159.191.139.33:2529,Produtividade & Ferramentas
226.173.138.217:7018,Produtividade & Ferramentas
104.108.177.77,Produtividade & Ferramentas
23.186.83.89:9906,Produtividade & Ferramentas
http://247.100.254.203:8019,Produtividade & Ferramentas
http://203.84.90.65,Produtividade & Ferramentas
189.154.161.96:2770,Produtividade & Ferramentas
249.228.69.80:1366,Produtividade & Ferramentas
http://110.16.123.169:6677,Produtividade & Ferramentas
58.24.77.72,Produtividade & Ferramentas
255.14.100.110,Produtividade & Ferramentas
43.214.150.146,Produtividade & Ferramentas
153.243.41.228,Produtividade & Ferramentas
216.52.82.19:9223,Produtividade & Ferramentas
146.62.151.195,Produtividade & Ferramentas
212.170.22.194,Produtividade & Ferramentas
http://142.79.240.215:6284,Produtividade & Ferramentas
149.160.69.44,Produtividade & Ferramentas
229.96.34.98,Produtividade & Ferramentas
227.85.162.237,Produtividade & Ferramentas
164.163.26.131:5190,Produtividade & Ferramentas
124.10.15.119:2349,Produtividade & Ferramentas
120.255.245.162,Produtividade & Ferramentas
38.6.157.101:9722,Produtividade & Ferramentas
http://191.101.107.151:7081,Produtividade & Ferramentas
219.196.82.237,Produtividade & Ferramentas
132.159.19.52,Produtividade & Ferramentas
147.255.41.52:5687,Produtividade & Ferramentas
136.231.118.0:3480,Produtividade & Ferramentas
194.99.83.246,Produtividade & Ferramentas
209.69.90.215:5363,Produtividade & Ferramentas
180.65.219.146,Produtividade & Ferramentas
65.64.44.151:9773,Produtividade & Ferramentas
57.202.114.13,Produtividade & Ferramentas
41.53.59.82:7989,Produtividade & Ferramentas
189.231.43.64,Produtividade & Ferramentas
74.184.125.51,Produtividade & Ferramentas
151.25.73.91,Produtividade & Ferramentas
205.7.158.49:5600,Produtividade & Ferramentas
http://62.108.85.131:5335,Produtividade & Ferramentas
245.3.189.129,Produtividade & Ferramentas
http://113.55.0.107:5319,Produtividade & Ferramentas
http://91.31.3.122,Produtividade & Ferramentas
23.198.205.98:9181,Produtividade & Ferramentas
46.32.2.68,Produtividade & Ferramentas
http://227.6.249.172:2138,Produtividade & Ferramentas
233.76.188.47:8415,Produtividade & Ferramentas
http://222.100.191.75:5252,Produtividade & Ferramentas
110.157.38.150:4932,Produtividade & Ferramentas
http://100.186.179.95,Produtividade & Ferramentas
155.100.235.13,Produtividade & Ferramentas
59.124.222.39:8875,Produtividade & Ferramentas
96.44.64.147:4301,Produtividade & Ferramentas
76.23.193.192,Produtividade & Ferramentas
http://82.45.156.108,Produtividade & Ferramentas
21.204.121.224,Produtividade & Ferramentas
http://100.25.3.12:6561,Produtividade & Ferramentas
60.229.4.158:7561,Produtividade & Ferramentas
2.34.228.77,Produtividade & Ferramentas
204.174.85.13:4166,Produtividade & Ferramentas
http://118.188.233.43:4446,Produtividade & Ferramentas
66.65.92.236:8907,Produtividade & Ferramentas
38.161.7.201:2270,Produtividade & Ferramentas
http://251.140.158.217,Produtividade & Ferramentas
http://211.165.194.126:9278,Produtividade & Ferramentas
80.130.43.100:9316,Produtividade & Ferramentas
105.97.229.94:2425,Produtividade & Ferramentas
87.159.135.84,Produtividade & Ferramentas
216.222.94.4,Produtividade & Ferramentas
http://41.151.152.93:8446,Produtividade & Ferramentas
213.189.124.150,Produtividade & Ferramentas
http://249.78.174.55,Produtividade & Ferramentas
16.157.68.15,Produtividade & Ferramentas
http://188.171.254.40:9830,Produtividade & Ferramentas
222.115.41.135:6130,Produtividade & Ferramentas
251.108.223.207:9006,Produtividade & Ferramentas
173.119.193.137,Produtividade & Ferramentas
69.190.150.254,Produtividade & Ferramentas
171.215.46.172:7663,Produtividade & Ferramentas
104.114.122.98,Produtividade & Ferramentas
54.69.159.95,Produtividade & Ferramentas
122.16.101.200,Produtividade & Ferramentas
http://206.124.112.141:6249,Produtividade & Ferramentas
225.207.98.113:7079,Produtividade & Ferramentas
http://127.188.60.36:7067,Produtividade & Ferramentas
http://207.234.242.203:6507,Produtividade & Ferramentas
234.130.99.170,Produtividade & Ferramentas
170.30.100.190:7076,Produtividade & Ferramentas
http://146.49.239.159,Produtividade & Ferramentas
15.205.150.190,Produtividade & Ferramentas
http://127.154.243.196:4645,Produtividade & Ferramentas
52.78.145.229:1241,Produtividade & Ferramentas
146.150.47.89,Produtividade & Ferramentas
http://237.122.22.97:5994,Produtividade & Ferramentas
196.139.177.49,Produtividade & Ferramentas
http://59.63.51.18:9602,Produtividade & Ferramentas
206.154.44.143,Produtividade & Ferramentas
188.231.200.105:8974,Produtividade & Ferramentas
65.231.76.196:8754,Produtividade & Ferramentas
159.172.113.53,Produtividade & Ferramentas
212.220.162.118:6592,Produtividade & Ferramentas
253.236.99.33,Produtividade & Ferramentas
http://106.58.80.73,Produtividade & Ferramentas
http://114.184.234.72:3135,Produtividade & Ferramentas
124.101.132.206:2209,Produtividade & Ferramentas
183.151.173.141:6627,Produtividade & Ferramentas
189.118.57.146:2196,Produtividade & Ferramentas
89.33.15.221,Produtividade & Ferramentas
http://159.39.224.160:5658,Produtividade & Ferramentas
60.173.52.233:5735,Produtividade & Ferramentas
248.58.58.126,Produtividade & Ferramentas
158.66.86.212,Produtividade & Ferramentas
http://168.122.187.69:4087,Produtividade & Ferramentas
226.22.43.17:4076,Produtividade & Ferramentas
71.77.210.204:6649,Produtividade & Ferramentas
153.234.100.153,Produtividade & Ferramentas
http://20.44.197.78,Produtividade & Ferramentas
205.6.220.156,Produtividade & Ferramentas
124.202.254.87:4756,Produtividade & Ferramentas
0.15.31.54:4175,Produtividade & Ferramentas
http://64.121.45.176,Produtividade & Ferramentas
119.34.217.104,Produtividade & Ferramentas
138.133.99.23,Produtividade & Ferramentas
http://64.16.125.160,Produtividade & Ferramentas
http://98.242.92.140:7720,Produtividade & Ferramentas
66.233.95.173,Produtividade & Ferramentas
79.117.240.221,Produtividade & Ferramentas
http://200.152.209.184:1185,Produtividade & Ferramentas
245.244.1.20:3229,Produtividade & Ferramentas
http://150.74.45.40:7452,Produtividade & Ferramentas
149.93.218.21,Produtividade & Ferramentas
165.226.35.156,Produtividade & Ferramentas
21.92.2.251:8284,Produtividade & Ferramentas
50.70.229.52,Produtividade & Ferramentas
117.238.10.116:6678,Produtividade & Ferramentas
206.21.120.4,Produtividade & Ferramentas
33.213.254.230,Produtividade & Ferramentas
21.134.238.169:2831,Produtividade & Ferramentas
183.88.66.112:4080,Produtividade & Ferramentas
147.43.96.70,Produtividade & Ferramentas
http://131.192.5.205,Produtividade & Ferramentas
178.48.221.192:6783,Produtividade & Ferramentas
182.76.39.230:7779,Produtividade & Ferramentas
http://0.26.136.135,Produtividade & Ferramentas
http://89.100.236.183,Produtividade & Ferramentas
84.225.237.201,Produtividade & Ferramentas
http://175.203.65.64,Produtividade & Ferramentas
159.216.169.0:3165,Produtividade & Ferramentas
214.156.182.37,Produtividade & Ferramentas
http://96.39.117.196,Produtividade & Ferramentas
193.47.219.12,Produtividade & Ferramentas
http://113.33.75.21:6177,Produtividade & Ferramentas
170.49.135.195:4290,Produtividade & Ferramentas
96.0.78.4,Produtividade & Ferramentas
http://178.181.15.50,Produtividade & Ferramentas
140.25.36.166:4722,Produtividade & Ferramentas
42.139.151.13:9420,Produtividade & Ferramentas
94.38.220.25,Produtividade & Ferramentas
178.112.76.116:8802,Produtividade & Ferramentas
110.74.41.204:3813,Produtividade & Ferramentas
122.247.209.75:9857,Produtividade & Ferramentas
http://22.98.125.226,Produtividade & Ferramentas
116.163.164.66:7221,Produtividade & Ferramentas
http://73.67.155.94,Produtividade & Ferramentas
185.143.241.63,Produtividade & Ferramentas
156.193.221.49,Produtividade & Ferramentas
248.132.75.74,Produtividade & Ferramentas
http://185.14.185.156:4239,Produtividade & Ferramentas
165.150.39.100:5168,Produtividade & Ferramentas
72.51.84.144,Produtividade & Ferramentas
193.234.242.233,Produtividade & Ferramentas
123.51.86.73,Produtividade & Ferramentas
http://185.163.73.178:9208,Produtividade & Ferramentas
72.249.49.241:5400,Produtividade & Ferramentas
http://122.10.1.158,Produtividade & Ferramentas
62.99.127.193,Produtividade & Ferramentas
113.209.99.202,Produtividade & Ferramentas
118.245.75.194:1540,Produtividade & Ferramentas
http://71.206.113.209,Produtividade & Ferramentas
216.201.123.47,Produtividade & Ferramentas
92.6.151.141,Produtividade & Ferramentas
241.245.161.147,Produtividade & Ferramentas
201.252.137.212,Produtividade & Ferramentas
http://12.6.8.77:5918,Produtividade & Ferramentas
http://54.33.26.57:9927,Produtividade & Ferramentas
95.178.118.111:8441,Produtividade & Ferramentas
81.167.0.109,Produtividade & Ferramentas
http://26.136.180.46,Produtividade & Ferramentas
165.164.26.187,Produtividade & Ferramentas
http://88.203.29.123:4827,Produtividade & Ferramentas
http://226.149.133.237:9682,Produtividade & Ferramentas
218.64.82.154,Produtividade & Ferramentas
75.13.186.148:9254,Produtividade & Ferramentas
143.150.238.194:7282,Produtividade & Ferramentas
http://205.201.140.12:6624,Produtividade & Ferramentas
140.16.197.232,Produtividade & Ferramentas
http://114.232.46.27:9062,Produtividade & Ferramentas
176.105.135.203:6970,Produtividade & Ferramentas
154.174.146.57:4333,Produtividade & Ferramentas
14.29.26.9,Produtividade & Ferramentas
234.97.157.2:5957,Produtividade & Ferramentas
135.169.215.183,Produtividade & Ferramentas
218.190.189.54,Produtividade & Ferramentas
154.58.40.189:6909,Produtividade & Ferramentas
3.182.147.207:8392,Produtividade & Ferramentas
2.214.241.111,Produtividade & Ferramentas
235.218.96.222,Produtividade & Ferramentas
http://83.126.239.154:4729,Produtividade & Ferramentas
100.135.227.93:8829,Produtividade & Ferramentas
202.204.70.208:2597,Produtividade & Ferramentas
http://98.195.29.105,Produtividade & Ferramentas
http://121.166.197.13,Produtividade & Ferramentas
http://85.153.9.245:2816,Produtividade & Ferramentas
65.167.238.226:5696,Produtividade & Ferramentas
128.190.43.232:7206,Produtividade & Ferramentas
http://15.6.129.128,Produtividade & Ferramentas
29.108.205.165,Produtividade & Ferramentas
http://57.145.152.165:8945,Produtividade & Ferramentas
http://212.226.210.134:1139,Produtividade & Ferramentas
105.77.154.144,Produtividade & Ferramentas
9.216.30.179:6784,Produtividade & Ferramentas
141.229.59.129,Produtividade & Ferramentas
102.123.17.97,Produtividade & Ferramentas
181.107.217.36,Produtividade & Ferramentas
160.250.220.17:1610,Produtividade & Ferramentas
196.119.189.211,Produtividade & Ferramentas
http://208.111.46.2,Produtividade & Ferramentas
74.118.116.239,Produtividade & Ferramentas
89.54.127.75:3825,Produtividade & Ferramentas
117.148.3.68,Produtividade & Ferramentas
29.227.25.160:8363,Produtividade & Ferramentas
7.88.218.77,Produtividade & Ferramentas
224.185.154.36,Produtividade & Ferramentas
77.229.109.243:6816,Produtividade & Ferramentas
http://63.146.13.107:1096,Produtividade & Ferramentas
http://1.243.65.136:5949,Produtividade & Ferramentas
45.2.183.21,Produtividade & Ferramentas
http://73.32.183.194:3028,Produtividade & Ferramentas
202.157.91.253:3109,Produtividade & Ferramentas
http://101.52.198.160,Produtividade & Ferramentas
94.199.174.184:5096,Produtividade & Ferramentas
197.92.126.55:7938,Produtividade & Ferramentas
http://56.211.193.148:5380,Produtividade & Ferramentas
http://204.173.44.178,Produtividade & Ferramentas
70.66.78.112,Produtividade & Ferramentas
66.15.188.225,Produtividade & Ferramentas
89.77.59.80,Produtividade & Ferramentas
42.253.246.58,Produtividade & Ferramentas
79.245.115.16,Produtividade & Ferramentas
93.132.247.82:5436,Produtividade & Ferramentas
19.42.151.63:1622,Produtividade & Ferramentas
http://251.174.90.222,Produtividade & Ferramentas
79.201.245.240:8375,Produtividade & Ferramentas
http://166.44.170.60,Produtividade & Ferramentas
http://56.213.151.78:5013,Produtividade & Ferramentas
http://90.151.49.88:4880,Produtividade & Ferramentas
179.228.92.216:4819,Produtividade & Ferramentas
72.28.24.80,Produtividade & Ferramentas
http://5.60.163.127,Produtividade & Ferramentas
http://167.67.123.41:6361,Produtividade & Ferramentas
56.135.59.213:4963,Produtividade & Ferramentas
94.194.20.214,Produtividade & Ferramentas
183.104.70.8,Produtividade & Ferramentas
219.16.25.128,Produtividade & Ferramentas
51.211.80.58,Produtividade & Ferramentas
http://169.237.172.60:9786,Produtividade & Ferramentas
158.151.155.208:6341,Produtividade & Ferramentas
237.79.15.75:6773,Produtividade & Ferramentas
http://236.253.13.169:8573,Produtividade & Ferramentas
58.188.27.125,Produtividade & Ferramentas
122.75.202.221,Produtividade & Ferramentas
250.235.18.42,Produtividade & Ferramentas
http://5.62.19.151:7549,Produtividade & Ferramentas
http://75.94.61.170:3732,Produtividade & Ferramentas
231.132.54.197,Produtividade & Ferramentas
131.141.218.227:2923,Produtividade & Ferramentas
http://6.241.184.221:3452,Produtividade & Ferramentas
http://89.23.24.91,Produtividade & Ferramentas
2.15.19.138:3431,Produtividade & Ferramentas
http://122.180.115.211,Produtividade & Ferramentas
http://84.151.126.36:4357,Produtividade & Ferramentas
http://205.192.38.44,Produtividade & Ferramentas
161.208.242.150,Produtividade & Ferramentas
115.249.111.79:8923,Produtividade & Ferramentas
134.164.44.61,Produtividade & Ferramentas
91.83.205.15:4534,Produtividade & Ferramentas
224.12.78.153:5849,Produtividade & Ferramentas
http://67.185.148.13,Produtividade & Ferramentas
http://123.186.174.184:1591,Produtividade & Ferramentas
212.90.97.43,Produtividade & Ferramentas
97.173.7.236:9831,Produtividade & Ferramentas
213.147.99.1,Produtividade & Ferramentas
209.152.95.83,Produtividade & Ferramentas
http://95.150.214.132,Produtividade & Ferramentas
242.95.211.109,Produtividade & Ferramentas
10.181.127.221,Produtividade & Ferramentas
65.78.62.74:9554,Produtividade & Ferramentas
http://112.72.97.244,Produtividade & Ferramentas
http://141.55.241.39:7084,Produtividade & Ferramentas
http://71.234.153.205:8188,Produtividade & Ferramentas
143.167.209.18:1566,Produtividade & Ferramentas
http://114.146.77.220,Produtividade & Ferramentas
145.3.56.61,Produtividade & Ferramentas
118.13.126.223,Produtividade & Ferramentas
199.195.179.198,Produtividade & Ferramentas
173.14.127.111:8543,Produtividade & Ferramentas
99.218.79.60,Produtividade & Ferramentas
http://102.215.234.219,Produtividade & Ferramentas
138.195.108.252,Produtividade & Ferramentas
249.193.80.30:9939,Produtividade & Ferramentas
16.248.19.85,Produtividade & Ferramentas
231.178.67.117,Produtividade & Ferramentas
99.73.149.124:6665,Produtividade & Ferramentas
161.237.79.130:3505,Produtividade & Ferramentas
110.185.83.203:2009,Produtividade & Ferramentas
http://144.3.184.174,Produtividade & Ferramentas
147.11.35.44:5408,Produtividade & Ferramentas
147.176.134.27,Produtividade & Ferramentas
http://139.67.227.29,Produtividade & Ferramentas
250.162.103.234,Produtividade & Ferramentas
62.48.171.94:6825,Produtividade & Ferramentas
164.207.70.51,Produtividade & Ferramentas
142.29.175.246,Produtividade & Ferramentas
132.85.213.85:2446,Produtividade & Ferramentas
185.175.232.194:4546,Produtividade & Ferramentas
144.32.138.115:3024,Produtividade & Ferramentas
145.215.215.194,Produtividade & Ferramentas
152.208.212.60:9072,Produtividade & Ferramentas
84.239.44.35:9217,Produtividade & Ferramentas
21.178.96.96:3507,Produtividade & Ferramentas
166.251.218.26:7682,Produtividade & Ferramentas
127.150.45.10,Produtividade & Ferramentas
http://231.106.151.163:1015,Produtividade & Ferramentas
158.56.241.141,Produtividade & Ferramentas
118.65.176.176:4774,Produtividade & Ferramentas
http://198.251.98.109:4042,Produtividade & Ferramentas
173.59.65.52,Produtividade & Ferramentas
24.201.125.28,Produtividade & Ferramentas
40.112.119.97,Produtividade & Ferramentas
37.227.50.30:4756,Produtividade & Ferramentas
230.120.75.193:5433,Produtividade & Ferramentas
7.180.72.123:2477,Produtividade & Ferramentas
161.132.193.245,Produtividade & Ferramentas
218.109.62.0:2736,Produtividade & Ferramentas
9.228.78.132:4895,Produtividade & Ferramentas
96.216.190.153,Produtividade & Ferramentas
232.87.227.104,Produtividade & Ferramentas
180.239.188.184:1358,Produtividade & Ferramentas
http://150.171.3.152:4229,Produtividade & Ferramentas
http://234.128.67.87,Produtividade & Ferramentas
163.39.129.37,Produtividade & Ferramentas
http://242.129.51.93,Produtividade & Ferramentas
92.27.205.115:3722,Produtividade & Ferramentas
http://199.187.4.151,Produtividade & Ferramentas
http://185.74.173.182,Produtividade & Ferramentas
http://203.132.177.251:5159,Produtividade & Ferramentas
http://88.148.162.238,Produtividade & Ferramentas
http://203.74.161.163:7257,Produtividade & Ferramentas
214.216.10.104,Produtividade & Ferramentas
135.79.27.178,Produtividade & Ferramentas
http://253.174.167.30:7624,Produtividade & Ferramentas
163.101.162.14,Produtividade & Ferramentas
19.47.148.230:3219,Produtividade & Ferramentas
http://96.86.57.207,Produtividade & Ferramentas
43.232.37.86:6376,Produtividade & Ferramentas
130.220.37.237,Produtividade & Ferramentas
250.161.75.25:9454,Produtividade & Ferramentas
130.10.202.91:3423,Produtividade & Ferramentas
119.163.128.186,Produtividade & Ferramentas
18.225.36.11,Produtividade & Ferramentas
58.188.47.28,Produtividade & Ferramentas
207.163.216.189:5811,Produtividade & Ferramentas
235.255.134.151,Produtividade & Ferramentas
9.22.134.106:5721,Produtividade & Ferramentas
246.248.187.103:6015,Produtividade & Ferramentas
191.67.255.12,Produtividade & Ferramentas
12.23.75.112:8408,Produtividade & Ferramentas
http://177.48.57.81,Produtividade & Ferramentas
191.213.9.168:3533,Produtividade & Ferramentas
125.230.105.48:7180,Produtividade & Ferramentas
89.87.225.237:7153,Produtividade & Ferramentas
148.186.254.228:1936,Produtividade & Ferramentas
127.121.146.203,Produtividade & Ferramentas
251.202.104.18,Produtividade & Ferramentas
52.77.219.68:1800,Produtividade & Ferramentas
72.252.239.246:5397,Produtividade & Ferramentas
http://54.158.99.112,Produtividade & Ferramentas
195.228.54.104,Produtividade & Ferramentas
88.133.229.130,Produtividade & Ferramentas
49.25.232.188,Produtividade & Ferramentas
77.251.128.100:5244,Produtividade & Ferramentas
197.212.250.207:5202,Produtividade & Ferramentas
http://88.190.250.28:8584,Produtividade & Ferramentas
150.54.34.100:2181,Produtividade & Ferramentas
179.216.135.226,Produtividade & Ferramentas
202.95.69.164:2732,Produtividade & Ferramentas
186.52.217.42:6478,Produtividade & Ferramentas
http://131.212.19.219,Produtividade & Ferramentas
http://137.194.140.127:5193,Produtividade & Ferramentas
http://84.150.12.47:7395,Produtividade & Ferramentas
http://2.7.198.47,Produtividade & Ferramentas
http://34.14.209.11,Produtividade & Ferramentas
190.223.39.157:6773,Produtividade & Ferramentas
http://91.204.214.37,Produtividade & Ferramentas
31.91.136.109,Produtividade & Ferramentas
108.110.113.28:7438,Produtividade & Ferramentas
45.1.65.128:3888,Produtividade & Ferramentas
80.156.130.194,Produtividade & Ferramentas
237.255.45.99:9533,Produtividade & Ferramentas
99.180.112.96:9072,Produtividade & Ferramentas
141.95.227.38,Produtividade & Ferramentas
98.243.38.118:5430,Produtividade & Ferramentas
http://217.60.188.131,Produtividade & Ferramentas
186.12.146.57:9928,Produtividade & Ferramentas
98.98.61.226,Produtividade & Ferramentas
32.18.81.111:9319,Produtividade & Ferramentas
124.249.93.157:9791,Produtividade & Ferramentas
http://160.31.189.182,Produtividade & Ferramentas
99.22.248.124,Produtividade & Ferramentas
28.46.246.19,Produtividade & Ferramentas
148.191.170.241,Produtividade & Ferramentas
25.48.184.44:2619,Produtividade & Ferramentas
190.114.184.142:4619,Produtividade & Ferramentas
http://216.188.184.180,Produtividade & Ferramentas
90.95.34.227,Produtividade & Ferramentas
2.181.229.199:2064,Produtividade & Ferramentas
134.144.8.186:1598,Produtividade & Ferramentas
48.146.36.5:1612,Produtividade & Ferramentas
254.110.136.69:7513,Produtividade & Ferramentas
140.245.192.188,Produtividade & Ferramentas
181.68.155.194,Produtividade & Ferramentas
243.179.84.66,Produtividade & Ferramentas
199.46.66.243:9669,Produtividade & Ferramentas
150.75.144.185,Produtividade & Ferramentas
46.141.133.1,Produtividade & Ferramentas
http://124.68.5.25,Produtividade & Ferramentas
115.4.88.241,Produtividade & Ferramentas
35.231.177.195:1607,Produtividade & Ferramentas
29.3.21.13:6828,Produtividade & Ferramentas
http://196.29.64.42,Produtividade & Ferramentas
170.239.152.244,Produtividade & Ferramentas
92.31.236.172:5710,Produtividade & Ferramentas
http://33.154.223.20:9735,Produtividade & Ferramentas
102.195.211.90:6687,Produtividade & Ferramentas
http://161.85.229.38,Produtividade & Ferramentas
130.228.243.127,Produtividade & Ferramentas
162.126.247.123:6349,Produtividade & Ferramentas
http://73.23.180.197,Produtividade & Ferramentas
60.168.6.96:1213,Produtividade & Ferramentas
132.44.53.62,Produtividade & Ferramentas
187.148.63.19,Produtividade & Ferramentas
http://54.177.246.140,Produtividade & Ferramentas
211.226.186.241:3107,Produtividade & Ferramentas
http://249.135.99.30:1622,Produtividade & Ferramentas
203.60.25.11,Produtividade & Ferramentas
http://173.252.111.56:4019,Produtividade & Ferramentas
197.52.125.239,Produtividade & Ferramentas
241.16.224.239,Produtividade & Ferramentas
http://7.201.151.253,Produtividade & Ferramentas
170.44.105.182,Produtividade & Ferramentas
210.116.70.229,Produtividade & Ferramentas
http://136.78.195.146,Produtividade & Ferramentas
32.46.41.245,Produtividade & Ferramentas
231.177.2.168,Produtividade & Ferramentas
159.89.118.20:4394,Produtividade & Ferramentas
http://55.126.29.125:2064,Produtividade & Ferramentas
148.44.178.164,Produtividade & Ferramentas
111.144.54.83,Produtividade & Ferramentas
http://76.94.79.116,Produtividade & Ferramentas
http://91.167.0.178,Produtividade & Ferramentas
0.254.30.136,Produtividade & Ferramentas
135.22.148.44,Produtividade & Ferramentas
http://120.178.18.238,Produtividade & Ferramentas
66.17.51.33:2329,Produtividade & Ferramentas
180.212.139.173,Produtividade & Ferramentas
2.188.225.75:3005,Produtividade & Ferramentas
141.254.245.79,Produtividade & Ferramentas
231.62.47.226:6422,Produtividade & Ferramentas
44.25.204.198,Produtividade & Ferramentas
http://72.166.20.144,Produtividade & Ferramentas
http://172.141.250.172,Produtividade & Ferramentas
186.132.31.169:5939,Produtividade & Ferramentas
122.58.7.58,Produtividade & Ferramentas
102.50.3.38,Produtividade & Ferramentas
55.249.163.185:3269,Produtividade & Ferramentas
198.146.21.67,Produtividade & Ferramentas
199.206.104.102:5533,Produtividade & Ferramentas
121.135.135.250:8395,Produtividade & Ferramentas
250.3.151.46,Produtividade & Ferramentas
http://141.108.92.172,Produtividade & Ferramentas
http://80.122.51.73,Produtividade & Ferramentas
23.130.253.144:7120,Produtividade & Ferramentas
http://251.117.141.130:8420,Produtividade & Ferramentas
13.210.196.222:5533,Produtividade & Ferramentas
204.9.232.215,Produtividade & Ferramentas
123.143.12.189,Produtividade & Ferramentas
http://132.131.86.132:6764,Produtividade & Ferramentas
26.255.149.52:9148,Produtividade & Ferramentas
localhost:4790/login,Produtividade & Ferramentas
http://localhost:7176,Produtividade & Ferramentas
localhost:7497/login,Produtividade & Ferramentas
localhost:3543/login,Produtividade & Ferramentas
localhost:4400/login,Produtividade & Ferramentas
localhost:8152/login,Produtividade & Ferramentas
http://localhost:5886,Produtividade & Ferramentas
http://localhost:4249,Produtividade & Ferramentas
localhost:5462/login,Produtividade & Ferramentas
http://127.0.0.1:5999/dashboard,Produtividade & Ferramentas
localhost:6242,Produtividade & Ferramentas
http://127.0.0.1:3167/dashboard,Produtividade & Ferramentas
http://localhost:6581,Produtividade & Ferramentas
http://127.0.0.1:5894/dashboard,Produtividade & Ferramentas
127.0.0.1:7310,Produtividade & Ferramentas
127.0.0.1:3152,Produtividade & Ferramentas
localhost:6792/login,Produtividade & Ferramentas
http://localhost:7514,Produtividade & Ferramentas
http://127.0.0.1:3440/dashboard,Produtividade & Ferramentas
localhost:7875,Produtividade & Ferramentas
http://127.0.0.1:4963/dashboard,Produtividade & Ferramentas
127.0.0.1:4779,Produtividade & Ferramentas
localhost:4889/login,Produtividade & Ferramentas
http://localhost:7959,Produtividade & Ferramentas
localhost:4141,Produtividade & Ferramentas
localhost:8611,Produtividade & Ferramentas
localhost:3943/login,Produtividade & Ferramentas
localhost:3823,Produtividade & Ferramentas
127.0.0.1:3277,Produtividade & Ferramentas
localhost:6364/login,Produtividade & Ferramentas
http://localhost:6552,Produtividade & Ferramentas
localhost:7053/login,Produtividade & Ferramentas
http://localhost:4020,Produtividade & Ferramentas
http://localhost:6500,Produtividade & Ferramentas
http://127.0.0.1:3453/dashboard,Produtividade & Ferramentas
http://127.0.0.1:5722/dashboard,Produtividade & Ferramentas
localhost:5511/login,Produtividade & Ferramentas
http://localhost:8401,Produtividade & Ferramentas
127.0.0.1:4367,Produtividade & Ferramentas
http://localhost:3846,Produtividade & Ferramentas
localhost:7731/login,Produtividade & Ferramentas
http://localhost:3316,Produtividade & Ferramentas
localhost:8842,Produtividade & Ferramentas
127.0.0.1:6469,Produtividade & Ferramentas
http://localhost:3748,Produtividade & Ferramentas
http://127.0.0.1:6874/dashboard,Produtividade & Ferramentas
http://127.0.0.1:6554/dashboard,Produtividade & Ferramentas
localhost:4734/login,Produtividade & Ferramentas
http://localhost:6815,Produtividade & Ferramentas
127.0.0.1:4272,Produtividade & Ferramentas
http://localhost:4792,Produtividade & Ferramentas
127.0.0.1:7795,Produtividade & Ferramentas
http://localhost:7614,Produtividade & Ferramentas
http://127.0.0.1:8223/dashboard,Produtividade & Ferramentas
127.0.0.1:5790,Produtividade & Ferramentas
localhost:6325/login,Produtividade & Ferramentas
127.0.0.1:6463,Produtividade & Ferramentas
http://localhost:8319,Produtividade & Ferramentas
localhost:6496,Produtividade & Ferramentas
127.0.0.1:7080,Produtividade & Ferramentas
127.0.0.1:8026,Produtividade & Ferramentas
localhost:3998/login,Produtividade & Ferramentas
localhost:6077/login,Produtividade & Ferramentas
127.0.0.1:6033,Produtividade & Ferramentas
localhost:4606,Produtividade & Ferramentas
127.0.0.1:5758,Produtividade & Ferramentas
localhost:8556,Produtividade & Ferramentas
127.0.0.1:5017,Produtividade & Ferramentas
localhost:8285/login,Produtividade & Ferramentas
http://127.0.0.1:4113/dashboard,Produtividade & Ferramentas
localhost:7317,Produtividade & Ferramentas
127.0.0.1:6530,Produtividade & Ferramentas
localhost:3310/login,Produtividade & Ferramentas
localhost:3614/login,Produtividade & Ferramentas
localhost:8964/login,Produtividade & Ferramentas
localhost:4450/login,Produtividade & Ferramentas
127.0.0.1:4601,Produtividade & Ferramentas
http://127.0.0.1:4597/dashboard,Produtividade & Ferramentas
http://localhost:4909,Produtividade & Ferramentas
127.0.0.1:4717,Produtividade & Ferramentas
localhost:6690,Produtividade & Ferramentas
http://localhost:3149,Produtividade & Ferramentas
localhost:8711,Produtividade & Ferramentas
localhost:4572/login,Produtividade & Ferramentas
localhost:4882,Produtividade & Ferramentas
http://127.0.0.1:6523/dashboard,Produtividade & Ferramentas
127.0.0.1:6558,Produtividade & Ferramentas
http://localhost:6781,Produtividade & Ferramentas
127.0.0.1:8752,Produtividade & Ferramentas
127.0.0.1:8493,Produtividade & Ferramentas
localhost:3817/login,Produtividade & Ferramentas
127.0.0.1:7712,Produtividade & Ferramentas
http://localhost:6352,Produtividade & Ferramentas
http://127.0.0.1:5609/dashboard,Produtividade & Ferramentas
127.0.0.1:4930,Produtividade & Ferramentas
http://localhost:4462,Produtividade & Ferramentas
localhost:3665,Produtividade & Ferramentas
http://127.0.0.1:4548/dashboard,Produtividade & Ferramentas
localhost:6840,Produtividade & Ferramentas
http://localhost:4630,Produtividade & Ferramentas
www.# ===================== Rede Social =====================,
www.facebook.com,Rede Social
www.instagram.com,Rede Social
instagram.com/index.html,Rede Social
www.twitter.com,Rede Social
twitter.com/search?q=teste,Rede Social
www.x.com,Rede Social
x.com/dashboard,Rede Social
www.tiktok.com,Rede Social
www.whatsapp.com,Rede Social
whatsapp.com/login,Rede Social
www.web.whatsapp.com,Rede Social
www.reddit.com,Rede Social
reddit.com/app,Rede Social
www.snapchat.com,Rede Social
snapchat.com/search?q=teste,Rede Social
www.discord.com,Rede Social
www.pinterest.com,Rede Social
www.br.pinterest.com,Rede Social
www.linkedin.com,Rede Social
www.tumblr.com,Rede Social
tumblr.com/dashboard,Rede Social
www.weheartit.com,Rede Social
www.bere.al,Rede Social
bere.al/app,Rede Social
www.vk.com,Rede Social
www.flickr.com,Rede Social
www.clubhouse.com,Rede Social
www.quora.com,Rede Social
www.pt.quora.com,Rede Social
pt.quora.com/search?q=teste,Rede Social
www.medium.com,Rede Social
medium.com/search?q=teste,Rede Social
www.mastodon.social,Rede Social
www.mix.com,Rede Social
mix.com/dashboard,Rede Social
www.myspace.com,Rede Social
myspace.com/login,Rede Social
www.parler.com,Rede Social
parler.com/login,Rede Social
www.truthsocial.com,Rede Social
truthsocial.com/search?q=teste,Rede Social
www.gab.com,Rede Social
gab.com/app,Rede Social
www.ok.ru,Rede Social
ok.ru/login,Rede Social
www.telegram.org,Rede Social
www.t.me,Rede Social
t.me/search?q=teste,Rede Social
www.threads.net,Rede Social
www.nextdoor.com,Rede Social
www.badoo.com,Rede Social
badoo.com/app,Rede Social
www.tinder.com,Rede Social
www.meetup.com,Rede Social
meetup.com/search?q=teste,Rede Social
www.tagged.com,Rede Social
www.devianart.com,Rede Social
devianart.com/search?q=teste,Rede Social
www.ello.co,Rede Social
www.aminoapps.com,Rede Social
www.kwai.com,Rede Social
www.messenger.com,Rede Social
messenger.com/index.html,Rede Social
www.# ===================== IA (Inteligência Artificial) =====================,
# ===================== IA (Inteligência Artificial) =====================/app,
www.chat.openai.com,IA
www.anthropic.com,IA
anthropic.com/app,IA
www.midjourney.com,IA
midjourney.com/app,IA
www.perplexity.ai,IA
perplexity.ai/dashboard,IA
www.claude.ai,IA
www.gemini.google.com,IA
gemini.google.com/dashboard,IA
www.poe.com,IA
poe.com/dashboard,IA
www.bard.google.com,IA
www.pytorch.org,IA
www.keras.io,IA
www.deepmind.google,IA
www.openai.com,IA
openai.com/dashboard,IA
www.firefly.adobe.com,IA
www.huggingface.co,IA
www.cohere.ai,IA
cohere.ai/dashboard,IA
www.stability.ai,IA
www.replicate.com,IA
replicate.com/search?q=teste,IA
www.runwayml.com,IA
www.character.ai,IA
character.ai/login,IA
www.notion.so,IA
notion.so/login,IA
www.jasper.ai,IA
www.copy.ai,IA
copy.ai/dashboard,IA
www.writesonic.com,IA
writesonic.com/login,IA
www.tabnine.com,IA
tabnine.com/login,IA
www.mistral.ai,IA
mistral.ai/search?q=teste,IA
www.leonardo.ai,IA
www.synthesia.io,IA
www.elevenlabs.io,IA
www.descript.com,IA
descript.com/search?q=teste,IA
www.gamma.app,IA
www.tome.app,IA
www.semantria.com,IA
www.chat.deepseek.com,IA
www.chatgpt.com,IA
chatgpt.com/search?q=teste,IA
www.blackbox.ai,IA
www.# ===================== Streaming ===================== ,
www.sbt.com.br,Streaming
www.recordtv.r7.com,Streaming
recordtv.r7.com/index.html,Streaming
www.band.uol.com.br,Streaming
band.uol.com.br/index.html,Streaming
www.cultura.uol.com.br,Streaming
www.globoplay.globo.com,Streaming
globoplay.globo.com/app,Streaming
www.hbo.com,Streaming
www.hbomax.com,Streaming
www.fox.com,Streaming
www.espn.com,Streaming
espn.com/dashboard,Streaming
www.discoverychannel.com,Streaming
discoverychannel.com/index.html,Streaming
www.bbc.com,Streaming
bbc.com/dashboard,Streaming
www.nbc.com,Streaming
www.cbs.com,Streaming
www.abc.com,Streaming
www.sky.com,Streaming
www.hulu.com,Streaming
www.paramountplus.com,Streaming
www.disneyplus.com,Streaming
www.peacocktv.com,Streaming
www.pluto.tv,Streaming
pluto.tv/search?q=teste,Streaming
www.starz.com,Streaming
www.showtime.com,Streaming
www.amc.com,Streaming
www.tntdrama.com,Streaming
tntdrama.com/dashboard,Streaming
www.appletv.com,Streaming
www.twitch.tv,Streaming
twitch.tv/dashboard,Streaming
www.youtube.com,Streaming
www.netflix.com,Streaming
www.primevideo.com,Streaming
www.max.com,Streaming
max.com/dashboard,Streaming
www.discoveryplus.com,Streaming
discoveryplus.com/login,Streaming
www.kick.com,Streaming
kick.com/index.html,Streaming
www.skymais.com.br,Streaming
www.tubitv.com,Streaming
www.france.tv,Streaming
www.filmelier.com,Streaming
www.filmon.com,Streaming
www.ustvgo.live,Streaming
ustvgo.live/login,Streaming
www.ustvgo.tv,Streaming
ustvgo.tv/dashboard,Streaming
www.worldstar.hiphop,Streaming
worldstar.hiphop/login,Streaming
www.raiplay.it,Streaming
www.aovivo.radiomixfm.com.br,Streaming
aovivo.radiomixfm.com.br/login,Streaming
www.# ===================== Jogos ===================== ,
www.friv.com,Jogos
friv.com/index.html,Jogos
www.poki.com,Jogos
poki.com/index.html,Jogos
www.clickjogos.uol.com.br,Jogos
www.miniclip.com,Jogos
www.crazygames.com,Jogos
www.roblox.com,Jogos
roblox.com/login,Jogos
www.minecraft.net,Jogos
minecraft.net/app,Jogos
www.fortnite.com,Jogos
fortnite.com/app,Jogos
www.store.epicgames.com,Jogos
store.epicgames.com/app,Jogos
www.playstation.com,Jogos
playstation.com/dashboard,Jogos
www.store.playstation.com,Jogos
store.playstation.com/search?q=teste,Jogos
www.itch.io,Jogos
itch.io/search?q=teste,Jogos
www.xbox.com,Jogos
www.enigmap.net,Jogos
enigmap.net/index.html,Jogos
www.ascjogos.org.br,Jogos
www.nintendo.com,Jogos
www.rachacuca.com.br,Jogos
rachacuca.com.br/dashboard,Jogos
www.my.games,Jogos
www.riotgames.com,Jogos
riotgames.com/search?q=teste,Jogos
www.ea.com,Jogos
ea.com/app,Jogos
www.easports.com,Jogos
easports.com/index.html,Jogos
www.# ===================== Musica ===================== ,
www.spotify.com,Musica
spotify.com/dashboard,Musica
www.deezer.com,Musica
deezer.com/app,Musica
www.music.apple.com,Musica
www.music.youtube.com,Musica
music.youtube.com/app,Musica
www.letras.mus.br,Musica
www.soundcloud.com,Musica
soundcloud.com/index.html,Musica
www.last.fm,Musica
www.tidal.com,Musica
www.radio.com,Musica
radio.com/index.html,Musica
www.pandora.com,Musica
www.napster.com,Musica
www.shazam.com,Musica
www.genius.com,Musica
genius.com/app,Musica
www.musixmatch.com,Musica
musixmatch.com/dashboard,Musica
www.audiomack.com,Musica
www.boomplay.com,Musica
www.gaana.com,Musica
gaana.com/dashboard,Musica
www.joox.com,Musica
www.wynk.in,Musica
wynk.in/index.html,Musica
www.kkbox.com,Musica
kkbox.com/search?q=teste,Musica
www.line.me/music,Musica
line.me/music/login,Musica
www.idagio.com,Musica
www.songkick.com,Musica
www.bandsintown.com,Musica
bandsintown.com/dashboard,Musica
www.mixcloud.com,Musica
www.cifraclub.com.br,Musica
cifraclub.com.br/index.html,Musica
www.bandcamp.com,Musica
www.reverbnation.com,Musica
reverbnation.com/dashboard,Musica
www.8tracks.com,Musica
8tracks.com/dashboard,Musica
www.jamendo.com,Musica
www.# ===================== Anime ===================== ,
www.mangaplus.shueisha.co.jp,Anime
www.crunchyroll.com,Anime
www.funimation.com,Anime
funimation.com/search?q=teste,Anime
www.viz.com,Anime
viz.com/login,Anime
www.webtoons.com,Anime
www.comixology.com,Anime
www.anime-planet.com,Anime
anime-planet.com/app,Anime
www.myanimelist.net,Anime
myanimelist.net/search?q=teste,Anime
www.anilist.co,Anime
www.kitsu.io,Anime
kitsu.io/search?q=teste,Anime
www.animenewsnetwork.com,Anime
www.mangamo.com,Anime
mangamo.com/app,Anime
www.bookwalker.jp,Anime
bookwalker.jp/dashboard,Anime
www.rightstufanime.com,Anime
rightstufanime.com/login,Anime
www.sevenseasentertainment.com,Anime
www.yenpress.com,Anime
yenpress.com/index.html,Anime
www.kodansha.us,Anime
kodansha.us/dashboard,Anime
www.shonenjump.com,Anime
www.square-enix-games.com/en_US/manga,Anime
www.animate-Digitalshop.jp,Anime
www.vertical-comics.com,Anime
vertical-comics.com/search?q=teste,Anime
www.tapas.io,Anime
tapas.io/login,Anime
www.lezhin.com,Anime
www.toomics.com,Anime
www.netcomics.com,Anime
netcomics.com/dashboard,Anime
www.azuki.co,Anime
azuki.co/dashboard,Anime
www.global.manga-up.com,Anime
www.animefire.plus,Anime
www.animesDigital.cc,Anime
animesDigital.cc/index.html,Anime
www.mangalivre.net,Anime
www.lermanga.org,Anime
lermanga.org/login,Anime
www.mangatoon.mobi,Anime
mangatoon.mobi/search?q=teste,Anime
www.goyabu.com,Anime
www.betteranime.net,Anime
www.animesvision.com.br,Anime
animesvision.com.br/search?q=teste,Anime
www.animesfox.net,Anime
www.unionmangas.top,Anime
www.superanimes.biz,Anime
www.animesroll.com,Anime
www.onepiece-ex.com.br,Anime
www.meusanimes.com,Anime
www.animesone.biz,Anime
animesone.biz/login,Anime
www.mundoanimes.com,Anime
www.animestc.net,Anime
www.yakusoku.net,Anime
www.mangasproject.net,Anime
mangasproject.net/search?q=teste,Anime
www.animesgratis.org,Anime
animesgratis.org/login,Anime
www.otakuanime.com,Anime
otakuanime.com/dashboard,Anime
www.animelatinohd.com,Anime
animelatinohd.com/login,Anime
www.animeblix.com,Anime
animeblix.com/login,Anime
www.9anime.to,Anime
www.gogoanime.pe,Anime
www.# ===================== Governo =====================,
# ===================== Governo =====================/login,
www.gov.br,Governo
gov.br/index.html,Governo
www.receita.fazenda.gov.br,Governo
receita.fazenda.gov.br/index.html,Governo
www.sp.gov.br,Governo
sp.gov.br/app,Governo
www.detran.sp.gov.br,Governo
www.senado.leg.br,Governo
www.camara.leg.br,Governo
www.planalto.gov.br,Governo
planalto.gov.br/login,Governo
www.stf.jus.br,Governo
stf.jus.br/dashboard,Governo
www.justica.gov.br,Governo
www.al.gov.br,Governo
www.mg.gov.br,Governo
www.rj.gov.br,Governo
www.pr.gov.br,Governo
www.ba.gov.br,Governo
ba.gov.br/index.html,Governo
www.rs.gov.br,Governo
www.pe.gov.br,Governo
www.sc.gov.br,Governo
sc.gov.br/index.html,Governo
www.se.gov.br,Governo
www.to.gov.br,Governo
www.es.gov.br,Governo
es.gov.br/app,Governo
www.pa.gov.br,Governo
www.rn.gov.br,Governo
rn.gov.br/search?q=teste,Governo
www.ro.gov.br,Governo
ro.gov.br/app,Governo
www.ac.gov.br,Governo
ac.gov.br/dashboard,Governo
www.am.gov.br,Governo
www.camara.sp.gov.br,Governo
www.alesp.sp.gov.br,Governo
www.tjsp.jus.br,Governo
www.fazenda.sp.gov.br,Governo
www.educacao.sp.gov.br,Governo
www.saude.gov.br,Governo
www.trabalho.gov.br,Governo
www.economia.gov.br,Governo
economia.gov.br/index.html,Governo
www.servicos.gov.br,Governo
www.cidadania.gov.br,Governo
www.defesa.gov.br,Governo
defesa.gov.br/search?q=teste,Governo
www.enem.inep.gov.br,Governo
www.vitrinetecnologica.mec.gov.br,Governo
www.dados.gov.br,Governo
dados.gov.br/dashboard,Governo
www.portaldatransparencia.gov.br,Governo
portaldatransparencia.gov.br/dashboard,Governo
www.ibge.gov.br,Governo
ibge.gov.br/app,Governo
www.servicos.acesso.gov.br,Governo
www.sso.acesso.gov.br,Governo
www.servicos.sp.gov.br,Governo
servicos.sp.gov.br/search?q=teste,Governo
www.# ===================== Produtividade & Ferramentas =====================,
www.google.com,Produtividade & Ferramentas
google.com/index.html,Produtividade & Ferramentas
www.github.com,Produtividade & Ferramentas
www.portaleduca.sesisp.org.br,Produtividade & Ferramentas
portaleduca.sesisp.org.br/search?q=teste,Produtividade & Ferramentas
www.pess.sesisenaispedu.org.br,Produtividade & Ferramentas
pess.sesisenaispedu.org.br/app,Produtividade & Ferramentas
www.sp.senai.br,Produtividade & Ferramentas
sp.senai.br/app,Produtividade & Ferramentas
www.sesisp.org.br,Produtividade & Ferramentas
www.sites.google.com,Produtividade & Ferramentas
www.colab.research.google.com,Produtividade & Ferramentas
www.trello.com,Produtividade & Ferramentas
www.slack.com,Produtividade & Ferramentas
www.zoom.us,Produtividade & Ferramentas
www.microsoft.com,Produtividade & Ferramentas
www.office.com,Produtividade & Ferramentas
www.teams.microsoft.com,Produtividade & Ferramentas
teams.microsoft.com/index.html,Produtividade & Ferramentas
www.outlook.live.com,Produtividade & Ferramentas
www.tensorflow.org,Produtividade & Ferramentas
tensorflow.org/index.html,Produtividade & Ferramentas
www.onedrive.live.com,Produtividade & Ferramentas
onedrive.live.com/login,Produtividade & Ferramentas
www.dropbox.com,Produtividade & Ferramentas
www.nlp.stanford.edu,Produtividade & Ferramentas
www.drive.google.com,Produtividade & Ferramentas
drive.google.com/app,Produtividade & Ferramentas
www.calendar.google.com,Produtividade & Ferramentas
www.evernote.com,Produtividade & Ferramentas
evernote.com/dashboard,Produtividade & Ferramentas
www.asana.com,Produtividade & Ferramentas
www.todoist.com,Produtividade & Ferramentas
todoist.com/index.html,Produtividade & Ferramentas
www.basecamp.com,Produtividade & Ferramentas
basecamp.com/search?q=teste,Produtividade & Ferramentas
www.console.firebase.google.com,Produtividade & Ferramentas
console.firebase.google.com/search?q=teste,Produtividade & Ferramentas
www.monday.com,Produtividade & Ferramentas
www.clickup.com,Produtividade & Ferramentas
www.gmail.com,Produtividade & Ferramentas
www.figma.com,Produtividade & Ferramentas
figma.com/app,Produtividade & Ferramentas
www.canva.com,Produtividade & Ferramentas
canva.com/search?q=teste,Produtividade & Ferramentas
www.adobe.com,Produtividade & Ferramentas
www.stackoverflow.com,Produtividade & Ferramentas
www.w3schools.com,Produtividade & Ferramentas
w3schools.com/login,Produtividade & Ferramentas
www.geeksforgeeks.org,Produtividade & Ferramentas
www.freecodecamp.org,Produtividade & Ferramentas
www.codepen.io,Produtividade & Ferramentas
codepen.io/search?q=teste,Produtividade & Ferramentas
www.jsfiddle.net,Produtividade & Ferramentas
jsfiddle.net/dashboard,Produtividade & Ferramentas
www.replit.com,Produtividade & Ferramentas
www.zapier.com,Produtividade & Ferramentas
www.ifttt.com,Produtividade & Ferramentas
ifttt.com/dashboard,Produtividade & Ferramentas
www.miro.com,Produtividade & Ferramentas
www.mural.co,Produtividade & Ferramentas
www.overleaf.com,Produtividade & Ferramentas
www.grammarly.com,Produtividade & Ferramentas
grammarly.com/dashboard,Produtividade & Ferramentas
www.calendly.com,Produtividade & Ferramentas
www.wetransfer.com,Produtividade & Ferramentas
wetransfer.com/search?q=teste,Produtividade & Ferramentas
www.smallpdf.com,Produtividade & Ferramentas
smallpdf.com/search?q=teste,Produtividade & Ferramentas
www.prezi.com,Produtividade & Ferramentas
www.localhost,Produtividade & Ferramentas
www.npr.org,Produtividade & Ferramentas
www.time.com,Produtividade & Ferramentas
www.pt.wikipedia.org,Produtividade & Ferramentas
www.sesisenaispedu-my.sharepoint.com,Produtividade & Ferramentas
sesisenaispedu-my.sharepoint.com/search?q=teste,Produtividade & Ferramentas
www.accounts.firefox.com,Produtividade & Ferramentas
accounts.firefox.com/app,Produtividade & Ferramentas
www.monkeytype.com,Produtividade & Ferramentas
www.expressjs.com,Produtividade & Ferramentas
www.python.org,Produtividade & Ferramentas
www.aws.amazon.com,Produtividade & Ferramentas
aws.amazon.com/search?q=teste,Produtividade & Ferramentas
www.alura.com.br,Produtividade & Ferramentas
www.npmjs.com,Produtividade & Ferramentas
www.scikit-learn.org,Produtividade & Ferramentas
scikit-learn.org/app,Produtividade & Ferramentas
www.pandas.pydata.org,Produtividade & Ferramentas
pandas.pydata.org/search?q=teste,Produtividade & Ferramentas
www.notion.com,Produtividade & Ferramentas
www.workspace.google.com,Produtividade & Ferramentas
workspace.google.com/search?q=teste,Produtividade & Ferramentas
www.rescuetime.com,Produtividade & Ferramentas
www.pomodorotimer.online,Produtividade & Ferramentas
www.# ===================== NoticiaISMO =====================,
# ===================== NoticiaISMO =====================/login,
www.g1.globo.com,Noticia
www.uol.com.br,Noticia
www.terra.com.br,Noticia
www.estadao.com.br,Noticia
www.folha.uol.com.br,Noticia
folha.uol.com.br/dashboard,Noticia
www.cnn.com/news,Noticia
cnn.com/news/login,Noticia
www.edition.cnn.com,Noticia
www.cnnbrasil.com.br,Noticia
cnnbrasil.com.br/login,Noticia
www.nytimes.com,Noticia
www.washingtonpost.com,Noticia
www.theguardian.com,Noticia
theguardian.com/index.html,Noticia
www.reuters.com,Noticia
reuters.com/search?q=teste,Noticia
www.dw.com,Noticia
dw.com/app,Noticia
www.rtve.es,Noticia
rtve.es/app,Noticia
www.elpais.com,Noticia
elpais.com/login,Noticia
www.lemonde.fr,Noticia
www.aljazeera.com,Noticia
www.r7.com,Noticia
www.msn.com,Noticia
www.news.yahoo.com,Noticia
news.yahoo.com/search?q=teste,Noticia
www.forbes.com,Noticia
forbes.com/search?q=teste,Noticia
www.bloomberg.com,Noticia
bloomberg.com/login,Noticia
www.wsj.com,Noticia
wsj.com/login,Noticia
www.huffpost.com,Noticia
www.vox.com,Noticia
vox.com/search?q=teste,Noticia
www.buzzfeednews.com,Noticia
www.apnews.com,Noticia
www.theverge.com,Noticia
www.wired.com,Noticia
www.techcrunch.com,Noticia
www.axios.com,Noticia
axios.com/index.html,Noticia
www.politico.com,Noticia
www.dailymotion.com,Noticia
dailymotion.com/index.html,Noticia
www.nsctotal.com.br,Noticia
www.gamevicio.com,Noticia
gamevicio.com/app,Noticia
www.gameplayscassi.com.br,Noticia
gameplayscassi.com.br/login,Noticia
www.tecmundo.com.br,Noticia
tecmundo.com.br/dashboard,Noticia
www.canaltech.com.br,Noticia
www.olhardigital.com.br,Noticia
www.techtudo.com.br,Noticia
www.cio.com,Noticia
techcrunch.com/index.html,Noticia
www.thenextweb.com,Noticia
thenextweb.com/index.html,Noticia
www.gizbr.uol.com.br,Noticia
gizbr.uol.com.br/app,Noticia
www.itforum.com.br,Noticia
www.infowester.com,Noticia
infowester.com/app,Noticia
www.tecnoblog.net,Noticia
www.fifa.com,Noticia
www.# ===================== LOJA Digital ===================== ,
www.pt.aliexpress.com,Loja Digital
pt.aliexpress.com/search?q=teste,Loja Digital
www.aliexpress.com,Loja Digital
www.shopee.com.br,Loja Digital
www.shopee.com,Loja Digital
www.br.shein.com,Loja Digital
www.shein.com,Loja Digital
www.mercadolivre.com.br,Loja Digital
mercadolivre.com.br/login,Loja Digital
www.mercadolivre.com,Loja Digital
www.magazineluiza.com.br,Loja Digital
magazineluiza.com.br/login,Loja Digital
www.amazon.com.br,Loja Digital
www.amazon.com,Loja Digital
www.americanas.com.br,Loja Digital
www.cloude.com.br,Loja Digital
cloude.com.br/dashboard,Loja Digital
www.marcusnmarcus.com.br,Loja Digital
www.marcusnmarcus.com,Loja Digital
marcusnmarcus.com/index.html,Loja Digital
www.riachuelo.com.br,Loja Digital
www.zattini.com.br,Loja Digital
www.br.privalia.com,Loja Digital
br.privalia.com/login,Loja Digital
www.lojaspompeia.com,Loja Digital
www.hering.com.br,Loja Digital
www.myft.com.br,Loja Digital
myft.com.br/search?q=teste,Loja Digital
www.zema.com,Loja Digital
zema.com/dashboard,Loja Digital
www.pernambucanas.com.br,Loja Digital
pernambucanas.com.br/search?q=teste,Loja Digital
www.lojastorra.com.br,Loja Digital
www.lojasrenner.com.br,Loja Digital
www.purocharmestore.com.br,Loja Digital
www.toryburch.com.br,Loja Digital
toryburch.com.br/login,Loja Digital
www.rihappy.com.br,Loja Digital
www.toyshow.com.br,Loja Digital
toyshow.com.br/dashboard,Loja Digital
www.toymania.com.br,Loja Digital
toymania.com.br/index.html,Loja Digital
www.shop.mattel.com,Loja Digital
shop.mattel.com/index.html,Loja Digital
www.estantevirtual.com.br,Loja Digital
estantevirtual.com.br/search?q=teste,Loja Digital
www.leitura.com.br,Loja Digital
www.loja.universodoslivros.com.br,Loja Digital
loja.universodoslivros.com.br/dashboard,Loja Digital
www.livrariadavila.com.br,Loja Digital
www.terabyteshop.com.br,Loja Digital
www.pichau.com.br,Loja Digital
pichau.com.br/index.html,Loja Digital
www.gigantec.com.br,Loja Digital
www.gitechinformatica.com,Loja Digital
gitechinformatica.com/dashboard,Loja Digital
www.patoloco.com.br,Loja Digital
www.gkinfostore.com.br,Loja Digital
gkinfostore.com.br/index.html,Loja Digital
www.shopinfo.com.br,Loja Digital
shopinfo.com.br/dashboard,Loja Digital
gigantec.com.br/index.html,Loja Digital
www.prudenpecas.com.br,Loja Digital
prudenpecas.com.br/dashboard,Loja Digital
www.prudenparts.com.br,Loja Digital
prudenparts.com.br/login,Loja Digital
www.store.steampowered.com,Loja Digital
store.steampowered.com/dashboard,Loja Digital
